{
  "project_info": {
    "project_number": "409548910036",
    "firebase_url": "https://authentication-in-wear.firebaseio.com",
    "project_id": "authentication-in-wear",
    "storage_bucket": "authentication-in-wear.appspot.com"
  },
  "client": [
    {
      "client_info": {
        "mobilesdk_app_id": "1:409548910036:android:1e9bcf2608f01d35",
        "android_client_info": {
          "package_name": "com.github.droibit.wear.authentication.sample"
        }
      },
      "oauth_client": [
        {
          "client_id": "409548910036-6ad6d1n5lbs5b2rgg3rhk7gdh7i0h19j.apps.googleusercontent.com",
          "client_type": 1,
          "android_info": {
            "package_name": "com.github.droibit.wear.authentication.sample",
            "certificate_hash": "88dd55a1397aa712eda02ef6f259f874d09cdc2b"
          }
        },
        {
          "client_id": "409548910036-v41sskser5fbbvmdmotnv9n4gq041u0u.apps.googleusercontent.com",
          "client_type": 3
        }
      ],
      "api_key": [
        {
          "current_key": "AIzaSyDzng1h3TNmvELvnzd9Unnhfvr76uR_HcI"
        }
      ],
      "services": {
        "appinvite_service": {
          "other_platform_oauth_client": [
            {
              "client_id": "409548910036-v41sskser5fbbvmdmotnv9n4gq041u0u.apps.googleusercontent.com",
              "client_type": 3
            }
          ]
        }
      }
    }
  ],
  "configuration_version": "1"
}